{
  "project_info": {
    "project_number": "1058866547549",
    "firebase_url": "https://grocery-app-7550a.firebaseio.com",
    "project_id": "grocery-app-7550a",
    "storage_bucket": "grocery-app-7550a.appspot.com"
  },
  "client": [
    {
      "client_info": {
        "mobilesdk_app_id": "1:1058866547549:android:f32133bb3aef6c600ff6b4",
        "android_client_info": {
          "package_name": "com.grocery.app"
        }
      },
      "oauth_client": [
        {
          "client_id": "1058866547549-bmqf38r6nfhimse4mfedh7h58c9heiab.apps.googleusercontent.com",
          "client_type": 3
        }
      ],
      "api_key": [
        {
          "current_key": "AIzaSyDBHYGZbqJnH1k80jY0Xkbjcl89rKsjF_o"
        }
      ],
      "services": {
        "appinvite_service": {
          "other_platform_oauth_client": [
            {
              "client_id": "1058866547549-bmqf38r6nfhimse4mfedh7h58c9heiab.apps.googleusercontent.com",
              "client_type": 3
            },
            {
              "client_id": "1058866547549-uatmr812ei4acc4q21vv8v5qjm5eotq0.apps.googleusercontent.com",
              "client_type": 2,
              "ios_info": {
                "bundle_id": "com.grocery.app"
              }
            }
          ]
        }
      }
    },
    {
      "client_info": {
        "mobilesdk_app_id": "1:1058866547549:android:745c592be7cc8c870ff6b4",
        "android_client_info": {
          "package_name": "com.grocerydriver.app"
        }
      },
      "oauth_client": [
        {
          "client_id": "1058866547549-bmqf38r6nfhimse4mfedh7h58c9heiab.apps.googleusercontent.com",
          "client_type": 3
        }
      ],
      "api_key": [
        {
          "current_key": "AIzaSyDBHYGZbqJnH1k80jY0Xkbjcl89rKsjF_o"
        }
      ],
      "services": {
        "appinvite_service": {
          "other_platform_oauth_client": [
            {
              "client_id": "1058866547549-bmqf38r6nfhimse4mfedh7h58c9heiab.apps.googleusercontent.com",
              "client_type": 3
            },
            {
              "client_id": "1058866547549-uatmr812ei4acc4q21vv8v5qjm5eotq0.apps.googleusercontent.com",
              "client_type": 2,
              "ios_info": {
                "bundle_id": "com.grocery.app"
              }
            }
          ]
        }
      }
    }
  ],
  "configuration_version": "1"
}